<?xml version="1.0" encoding="UTF-8"?>
<root>
  <item name="com.brentvatne.exoplayer.AspectRatioFrameLayout int getResizeMode()">
    <annotation name="androidx.annotation.IntDef">
      <val name="value" val="{com.brentvatne.exoplayer.ResizeMode.RESIZE_MODE_FIT, com.brentvatne.exoplayer.ResizeMode.RESIZE_MODE_FIXED_WIDTH, com.brentvatne.exoplayer.ResizeMode.RESIZE_MODE_FIXED_HEIGHT, com.brentvatne.exoplayer.ResizeMode.RESIZE_MODE_FILL, com.brentvatne.exoplayer.ResizeMode.RESIZE_MODE_CENTER_CROP}" />
    </annotation>
  </item>
  <item name="com.brentvatne.exoplayer.AspectRatioFrameLayout resizeMode">
    <annotation name="androidx.annotation.IntDef">
      <val name="value" val="{com.brentvatne.exoplayer.ResizeMode.RESIZE_MODE_FIT, com.brentvatne.exoplayer.ResizeMode.RESIZE_MODE_FIXED_WIDTH, com.brentvatne.exoplayer.ResizeMode.RESIZE_MODE_FIXED_HEIGHT, com.brentvatne.exoplayer.ResizeMode.RESIZE_MODE_FILL, com.brentvatne.exoplayer.ResizeMode.RESIZE_MODE_CENTER_CROP}" />
    </annotation>
  </item>
  <item name="com.brentvatne.exoplayer.AspectRatioFrameLayout void setResizeMode(int) 0">
    <annotation name="androidx.annotation.IntDef">
      <val name="value" val="{com.brentvatne.exoplayer.ResizeMode.RESIZE_MODE_FIT, com.brentvatne.exoplayer.ResizeMode.RESIZE_MODE_FIXED_WIDTH, com.brentvatne.exoplayer.ResizeMode.RESIZE_MODE_FIXED_HEIGHT, com.brentvatne.exoplayer.ResizeMode.RESIZE_MODE_FILL, com.brentvatne.exoplayer.ResizeMode.RESIZE_MODE_CENTER_CROP}" />
    </annotation>
  </item>
  <item name="com.brentvatne.exoplayer.ExoPlayerView void setResizeMode(int) 0">
    <annotation name="androidx.annotation.IntDef">
      <val name="value" val="{com.brentvatne.exoplayer.ResizeMode.RESIZE_MODE_FIT, com.brentvatne.exoplayer.ResizeMode.RESIZE_MODE_FIXED_WIDTH, com.brentvatne.exoplayer.ResizeMode.RESIZE_MODE_FIXED_HEIGHT, com.brentvatne.exoplayer.ResizeMode.RESIZE_MODE_FILL, com.brentvatne.exoplayer.ResizeMode.RESIZE_MODE_CENTER_CROP}" />
    </annotation>
  </item>
  <item name="com.brentvatne.exoplayer.ReactExoplayerView void setResizeModeModifier(int) 0">
    <annotation name="androidx.annotation.IntDef">
      <val name="value" val="{com.brentvatne.exoplayer.ResizeMode.RESIZE_MODE_FIT, com.brentvatne.exoplayer.ResizeMode.RESIZE_MODE_FIXED_WIDTH, com.brentvatne.exoplayer.ResizeMode.RESIZE_MODE_FIXED_HEIGHT, com.brentvatne.exoplayer.ResizeMode.RESIZE_MODE_FILL, com.brentvatne.exoplayer.ResizeMode.RESIZE_MODE_CENTER_CROP}" />
    </annotation>
  </item>
  <item name="com.brentvatne.exoplayer.ReactExoplayerViewManager int convertToIntDef(java.lang.String)">
    <annotation name="androidx.annotation.IntDef">
      <val name="value" val="{com.brentvatne.exoplayer.ResizeMode.RESIZE_MODE_FIT, com.brentvatne.exoplayer.ResizeMode.RESIZE_MODE_FIXED_WIDTH, com.brentvatne.exoplayer.ResizeMode.RESIZE_MODE_FIXED_HEIGHT, com.brentvatne.exoplayer.ResizeMode.RESIZE_MODE_FILL, com.brentvatne.exoplayer.ResizeMode.RESIZE_MODE_CENTER_CROP}" />
    </annotation>
  </item>
  <item name="com.brentvatne.exoplayer.ResizeMode int toResizeMode(int)">
    <annotation name="androidx.annotation.IntDef">
      <val name="value" val="{com.brentvatne.exoplayer.ResizeMode.RESIZE_MODE_FIT, com.brentvatne.exoplayer.ResizeMode.RESIZE_MODE_FIXED_WIDTH, com.brentvatne.exoplayer.ResizeMode.RESIZE_MODE_FIXED_HEIGHT, com.brentvatne.exoplayer.ResizeMode.RESIZE_MODE_FILL, com.brentvatne.exoplayer.ResizeMode.RESIZE_MODE_CENTER_CROP}" />
    </annotation>
  </item>
  <item name="com.brentvatne.exoplayer.ResizeMode.Mode">
    <annotation name="androidx.annotation.IntDef">
      <val name="value" val="{com.brentvatne.exoplayer.ResizeMode.RESIZE_MODE_FIT, com.brentvatne.exoplayer.ResizeMode.RESIZE_MODE_FIXED_WIDTH, com.brentvatne.exoplayer.ResizeMode.RESIZE_MODE_FIXED_HEIGHT, com.brentvatne.exoplayer.ResizeMode.RESIZE_MODE_FILL, com.brentvatne.exoplayer.ResizeMode.RESIZE_MODE_CENTER_CROP}" />
    </annotation>
  </item>
  <item name="com.brentvatne.exoplayer.VideoEventEmitter void receiveEvent(java.lang.String, com.facebook.react.bridge.WritableMap) 0">
    <annotation name="androidx.annotation.StringDef">
      <val name="value" val="{com.brentvatne.exoplayer.VideoEventEmitter.EVENT_LOAD_START, com.brentvatne.exoplayer.VideoEventEmitter.EVENT_LOAD, com.brentvatne.exoplayer.VideoEventEmitter.EVENT_ERROR, com.brentvatne.exoplayer.VideoEventEmitter.EVENT_PROGRESS, com.brentvatne.exoplayer.VideoEventEmitter.EVENT_SEEK, com.brentvatne.exoplayer.VideoEventEmitter.EVENT_END, com.brentvatne.exoplayer.VideoEventEmitter.EVENT_FULLSCREEN_WILL_PRESENT, com.brentvatne.exoplayer.VideoEventEmitter.EVENT_FULLSCREEN_DID_PRESENT, com.brentvatne.exoplayer.VideoEventEmitter.EVENT_FULLSCREEN_WILL_DISMISS, com.brentvatne.exoplayer.VideoEventEmitter.EVENT_FULLSCREEN_DID_DISMISS, com.brentvatne.exoplayer.VideoEventEmitter.EVENT_STALLED, com.brentvatne.exoplayer.VideoEventEmitter.EVENT_RESUME, com.brentvatne.exoplayer.VideoEventEmitter.EVENT_READY, com.brentvatne.exoplayer.VideoEventEmitter.EVENT_BUFFER, com.brentvatne.exoplayer.VideoEventEmitter.EVENT_PLAYBACK_STATE_CHANGED, com.brentvatne.exoplayer.VideoEventEmitter.EVENT_IDLE, com.brentvatne.exoplayer.VideoEventEmitter.EVENT_TIMED_METADATA, com.brentvatne.exoplayer.VideoEventEmitter.EVENT_AUDIO_BECOMING_NOISY, com.brentvatne.exoplayer.VideoEventEmitter.EVENT_AUDIO_FOCUS_CHANGE, com.brentvatne.exoplayer.VideoEventEmitter.EVENT_PLAYBACK_RATE_CHANGE, com.brentvatne.exoplayer.VideoEventEmitter.EVENT_BANDWIDTH}" />
    </annotation>
  </item>
</root>

