<?xml version="1.0" encoding="UTF-8"?>
<root>
  <item name="com.google.android.exoplayer2.trackselection.TrackSelection int getType()">
    <annotation name="androidx.annotation.IntDef">
      <val name="open" val="true" />
      <val name="value" val="{com.google.android.exoplayer2.trackselection.TrackSelection.TYPE_UNSET}" />
    </annotation>
  </item>
  <item name="com.google.android.exoplayer2.trackselection.TrackSelection.Type">
    <annotation name="androidx.annotation.IntDef">
      <val name="open" val="true" />
      <val name="value" val="{com.google.android.exoplayer2.trackselection.TrackSelection.TYPE_UNSET}" />
    </annotation>
  </item>
  <item name="com.google.android.exoplayer2.trackselection.TrackSelectionOverrides java.lang.String keyForField(int) 0">
    <annotation name="androidx.annotation.IntDef">
      <val name="value" val="{com.google.android.exoplayer2.trackselection.TrackSelectionOverrides.FIELD_OVERRIDES}" />
    </annotation>
  </item>
  <item name="com.google.android.exoplayer2.trackselection.TrackSelectionOverrides.Builder com.google.android.exoplayer2.trackselection.TrackSelectionOverrides.Builder clearOverridesOfType(int) 0">
    <annotation name="androidx.annotation.IntDef">
      <val name="open" val="true" />
      <val name="value" val="{com.google.android.exoplayer2.C.TRACK_TYPE_UNKNOWN, com.google.android.exoplayer2.C.TRACK_TYPE_DEFAULT, com.google.android.exoplayer2.C.TRACK_TYPE_AUDIO, com.google.android.exoplayer2.C.TRACK_TYPE_VIDEO, com.google.android.exoplayer2.C.TRACK_TYPE_TEXT, com.google.android.exoplayer2.C.TRACK_TYPE_IMAGE, com.google.android.exoplayer2.C.TRACK_TYPE_METADATA, com.google.android.exoplayer2.C.TRACK_TYPE_CAMERA_MOTION, com.google.android.exoplayer2.C.TRACK_TYPE_NONE}" />
    </annotation>
  </item>
  <item name="com.google.android.exoplayer2.trackselection.TrackSelectionOverrides.TrackSelectionOverride int getTrackType()">
    <annotation name="androidx.annotation.IntDef">
      <val name="open" val="true" />
      <val name="value" val="{com.google.android.exoplayer2.C.TRACK_TYPE_UNKNOWN, com.google.android.exoplayer2.C.TRACK_TYPE_DEFAULT, com.google.android.exoplayer2.C.TRACK_TYPE_AUDIO, com.google.android.exoplayer2.C.TRACK_TYPE_VIDEO, com.google.android.exoplayer2.C.TRACK_TYPE_TEXT, com.google.android.exoplayer2.C.TRACK_TYPE_IMAGE, com.google.android.exoplayer2.C.TRACK_TYPE_METADATA, com.google.android.exoplayer2.C.TRACK_TYPE_CAMERA_MOTION, com.google.android.exoplayer2.C.TRACK_TYPE_NONE}" />
    </annotation>
  </item>
  <item name="com.google.android.exoplayer2.trackselection.TrackSelectionOverrides.TrackSelectionOverride java.lang.String keyForField(int) 0">
    <annotation name="androidx.annotation.IntDef">
      <val name="value" val="{com.google.android.exoplayer2.trackselection.TrackSelectionOverrides.TrackSelectionOverride.FIELD_TRACK_GROUP, com.google.android.exoplayer2.trackselection.TrackSelectionOverrides.TrackSelectionOverride.FIELD_TRACKS}" />
    </annotation>
  </item>
  <item name="com.google.android.exoplayer2.trackselection.TrackSelectionParameters java.lang.String keyForField(int) 0">
    <annotation name="androidx.annotation.IntDef">
      <val name="value" val="{com.google.android.exoplayer2.trackselection.TrackSelectionParameters.FIELD_PREFERRED_AUDIO_LANGUAGES, com.google.android.exoplayer2.trackselection.TrackSelectionParameters.FIELD_PREFERRED_AUDIO_ROLE_FLAGS, com.google.android.exoplayer2.trackselection.TrackSelectionParameters.FIELD_PREFERRED_TEXT_LANGUAGES, com.google.android.exoplayer2.trackselection.TrackSelectionParameters.FIELD_PREFERRED_TEXT_ROLE_FLAGS, com.google.android.exoplayer2.trackselection.TrackSelectionParameters.FIELD_SELECT_UNDETERMINED_TEXT_LANGUAGE, com.google.android.exoplayer2.trackselection.TrackSelectionParameters.FIELD_MAX_VIDEO_WIDTH, com.google.android.exoplayer2.trackselection.TrackSelectionParameters.FIELD_MAX_VIDEO_HEIGHT, com.google.android.exoplayer2.trackselection.TrackSelectionParameters.FIELD_MAX_VIDEO_FRAMERATE, com.google.android.exoplayer2.trackselection.TrackSelectionParameters.FIELD_MAX_VIDEO_BITRATE, com.google.android.exoplayer2.trackselection.TrackSelectionParameters.FIELD_MIN_VIDEO_WIDTH, com.google.android.exoplayer2.trackselection.TrackSelectionParameters.FIELD_MIN_VIDEO_HEIGHT, com.google.android.exoplayer2.trackselection.TrackSelectionParameters.FIELD_MIN_VIDEO_FRAMERATE, com.google.android.exoplayer2.trackselection.TrackSelectionParameters.FIELD_MIN_VIDEO_BITRATE, com.google.android.exoplayer2.trackselection.TrackSelectionParameters.FIELD_VIEWPORT_WIDTH, com.google.android.exoplayer2.trackselection.TrackSelectionParameters.FIELD_VIEWPORT_HEIGHT, com.google.android.exoplayer2.trackselection.TrackSelectionParameters.FIELD_VIEWPORT_ORIENTATION_MAY_CHANGE, com.google.android.exoplayer2.trackselection.TrackSelectionParameters.FIELD_PREFERRED_VIDEO_MIMETYPES, com.google.android.exoplayer2.trackselection.TrackSelectionParameters.FIELD_MAX_AUDIO_CHANNEL_COUNT, com.google.android.exoplayer2.trackselection.TrackSelectionParameters.FIELD_MAX_AUDIO_BITRATE, com.google.android.exoplayer2.trackselection.TrackSelectionParameters.FIELD_PREFERRED_AUDIO_MIME_TYPES, com.google.android.exoplayer2.trackselection.TrackSelectionParameters.FIELD_FORCE_LOWEST_BITRATE, com.google.android.exoplayer2.trackselection.TrackSelectionParameters.FIELD_FORCE_HIGHEST_SUPPORTED_BITRATE, com.google.android.exoplayer2.trackselection.TrackSelectionParameters.FIELD_SELECTION_OVERRIDE_KEYS, com.google.android.exoplayer2.trackselection.TrackSelectionParameters.FIELD_SELECTION_OVERRIDE_VALUES, com.google.android.exoplayer2.trackselection.TrackSelectionParameters.FIELD_DISABLED_TRACK_TYPE, com.google.android.exoplayer2.trackselection.TrackSelectionParameters.FIELD_PREFERRED_VIDEO_ROLE_FLAGS}" />
    </annotation>
  </item>
  <item name="com.google.android.exoplayer2.trackselection.TrackSelectionParameters preferredAudioRoleFlags">
    <annotation name="androidx.annotation.IntDef">
      <val name="flag" val="true" />
      <val name="value" val="{com.google.android.exoplayer2.C.ROLE_FLAG_MAIN, com.google.android.exoplayer2.C.ROLE_FLAG_ALTERNATE, com.google.android.exoplayer2.C.ROLE_FLAG_SUPPLEMENTARY, com.google.android.exoplayer2.C.ROLE_FLAG_COMMENTARY, com.google.android.exoplayer2.C.ROLE_FLAG_DUB, com.google.android.exoplayer2.C.ROLE_FLAG_EMERGENCY, com.google.android.exoplayer2.C.ROLE_FLAG_CAPTION, com.google.android.exoplayer2.C.ROLE_FLAG_SUBTITLE, com.google.android.exoplayer2.C.ROLE_FLAG_SIGN, com.google.android.exoplayer2.C.ROLE_FLAG_DESCRIBES_VIDEO, com.google.android.exoplayer2.C.ROLE_FLAG_DESCRIBES_MUSIC_AND_SOUND, com.google.android.exoplayer2.C.ROLE_FLAG_ENHANCED_DIALOG_INTELLIGIBILITY, com.google.android.exoplayer2.C.ROLE_FLAG_TRANSCRIBES_DIALOG, com.google.android.exoplayer2.C.ROLE_FLAG_EASY_TO_READ, com.google.android.exoplayer2.C.ROLE_FLAG_TRICK_PLAY}" />
    </annotation>
  </item>
  <item name="com.google.android.exoplayer2.trackselection.TrackSelectionParameters preferredTextRoleFlags">
    <annotation name="androidx.annotation.IntDef">
      <val name="flag" val="true" />
      <val name="value" val="{com.google.android.exoplayer2.C.ROLE_FLAG_MAIN, com.google.android.exoplayer2.C.ROLE_FLAG_ALTERNATE, com.google.android.exoplayer2.C.ROLE_FLAG_SUPPLEMENTARY, com.google.android.exoplayer2.C.ROLE_FLAG_COMMENTARY, com.google.android.exoplayer2.C.ROLE_FLAG_DUB, com.google.android.exoplayer2.C.ROLE_FLAG_EMERGENCY, com.google.android.exoplayer2.C.ROLE_FLAG_CAPTION, com.google.android.exoplayer2.C.ROLE_FLAG_SUBTITLE, com.google.android.exoplayer2.C.ROLE_FLAG_SIGN, com.google.android.exoplayer2.C.ROLE_FLAG_DESCRIBES_VIDEO, com.google.android.exoplayer2.C.ROLE_FLAG_DESCRIBES_MUSIC_AND_SOUND, com.google.android.exoplayer2.C.ROLE_FLAG_ENHANCED_DIALOG_INTELLIGIBILITY, com.google.android.exoplayer2.C.ROLE_FLAG_TRANSCRIBES_DIALOG, com.google.android.exoplayer2.C.ROLE_FLAG_EASY_TO_READ, com.google.android.exoplayer2.C.ROLE_FLAG_TRICK_PLAY}" />
    </annotation>
  </item>
  <item name="com.google.android.exoplayer2.trackselection.TrackSelectionParameters preferredVideoRoleFlags">
    <annotation name="androidx.annotation.IntDef">
      <val name="flag" val="true" />
      <val name="value" val="{com.google.android.exoplayer2.C.ROLE_FLAG_MAIN, com.google.android.exoplayer2.C.ROLE_FLAG_ALTERNATE, com.google.android.exoplayer2.C.ROLE_FLAG_SUPPLEMENTARY, com.google.android.exoplayer2.C.ROLE_FLAG_COMMENTARY, com.google.android.exoplayer2.C.ROLE_FLAG_DUB, com.google.android.exoplayer2.C.ROLE_FLAG_EMERGENCY, com.google.android.exoplayer2.C.ROLE_FLAG_CAPTION, com.google.android.exoplayer2.C.ROLE_FLAG_SUBTITLE, com.google.android.exoplayer2.C.ROLE_FLAG_SIGN, com.google.android.exoplayer2.C.ROLE_FLAG_DESCRIBES_VIDEO, com.google.android.exoplayer2.C.ROLE_FLAG_DESCRIBES_MUSIC_AND_SOUND, com.google.android.exoplayer2.C.ROLE_FLAG_ENHANCED_DIALOG_INTELLIGIBILITY, com.google.android.exoplayer2.C.ROLE_FLAG_TRANSCRIBES_DIALOG, com.google.android.exoplayer2.C.ROLE_FLAG_EASY_TO_READ, com.google.android.exoplayer2.C.ROLE_FLAG_TRICK_PLAY}" />
    </annotation>
  </item>
  <item name="com.google.android.exoplayer2.trackselection.TrackSelectionParameters.Builder com.google.android.exoplayer2.trackselection.TrackSelectionParameters.Builder setPreferredAudioRoleFlags(int) 0">
    <annotation name="androidx.annotation.IntDef">
      <val name="flag" val="true" />
      <val name="value" val="{com.google.android.exoplayer2.C.ROLE_FLAG_MAIN, com.google.android.exoplayer2.C.ROLE_FLAG_ALTERNATE, com.google.android.exoplayer2.C.ROLE_FLAG_SUPPLEMENTARY, com.google.android.exoplayer2.C.ROLE_FLAG_COMMENTARY, com.google.android.exoplayer2.C.ROLE_FLAG_DUB, com.google.android.exoplayer2.C.ROLE_FLAG_EMERGENCY, com.google.android.exoplayer2.C.ROLE_FLAG_CAPTION, com.google.android.exoplayer2.C.ROLE_FLAG_SUBTITLE, com.google.android.exoplayer2.C.ROLE_FLAG_SIGN, com.google.android.exoplayer2.C.ROLE_FLAG_DESCRIBES_VIDEO, com.google.android.exoplayer2.C.ROLE_FLAG_DESCRIBES_MUSIC_AND_SOUND, com.google.android.exoplayer2.C.ROLE_FLAG_ENHANCED_DIALOG_INTELLIGIBILITY, com.google.android.exoplayer2.C.ROLE_FLAG_TRANSCRIBES_DIALOG, com.google.android.exoplayer2.C.ROLE_FLAG_EASY_TO_READ, com.google.android.exoplayer2.C.ROLE_FLAG_TRICK_PLAY}" />
    </annotation>
  </item>
  <item name="com.google.android.exoplayer2.trackselection.TrackSelectionParameters.Builder com.google.android.exoplayer2.trackselection.TrackSelectionParameters.Builder setPreferredTextRoleFlags(int) 0">
    <annotation name="androidx.annotation.IntDef">
      <val name="flag" val="true" />
      <val name="value" val="{com.google.android.exoplayer2.C.ROLE_FLAG_MAIN, com.google.android.exoplayer2.C.ROLE_FLAG_ALTERNATE, com.google.android.exoplayer2.C.ROLE_FLAG_SUPPLEMENTARY, com.google.android.exoplayer2.C.ROLE_FLAG_COMMENTARY, com.google.android.exoplayer2.C.ROLE_FLAG_DUB, com.google.android.exoplayer2.C.ROLE_FLAG_EMERGENCY, com.google.android.exoplayer2.C.ROLE_FLAG_CAPTION, com.google.android.exoplayer2.C.ROLE_FLAG_SUBTITLE, com.google.android.exoplayer2.C.ROLE_FLAG_SIGN, com.google.android.exoplayer2.C.ROLE_FLAG_DESCRIBES_VIDEO, com.google.android.exoplayer2.C.ROLE_FLAG_DESCRIBES_MUSIC_AND_SOUND, com.google.android.exoplayer2.C.ROLE_FLAG_ENHANCED_DIALOG_INTELLIGIBILITY, com.google.android.exoplayer2.C.ROLE_FLAG_TRANSCRIBES_DIALOG, com.google.android.exoplayer2.C.ROLE_FLAG_EASY_TO_READ, com.google.android.exoplayer2.C.ROLE_FLAG_TRICK_PLAY}" />
    </annotation>
  </item>
  <item name="com.google.android.exoplayer2.trackselection.TrackSelectionParameters.Builder com.google.android.exoplayer2.trackselection.TrackSelectionParameters.Builder setPreferredVideoRoleFlags(int) 0">
    <annotation name="androidx.annotation.IntDef">
      <val name="flag" val="true" />
      <val name="value" val="{com.google.android.exoplayer2.C.ROLE_FLAG_MAIN, com.google.android.exoplayer2.C.ROLE_FLAG_ALTERNATE, com.google.android.exoplayer2.C.ROLE_FLAG_SUPPLEMENTARY, com.google.android.exoplayer2.C.ROLE_FLAG_COMMENTARY, com.google.android.exoplayer2.C.ROLE_FLAG_DUB, com.google.android.exoplayer2.C.ROLE_FLAG_EMERGENCY, com.google.android.exoplayer2.C.ROLE_FLAG_CAPTION, com.google.android.exoplayer2.C.ROLE_FLAG_SUBTITLE, com.google.android.exoplayer2.C.ROLE_FLAG_SIGN, com.google.android.exoplayer2.C.ROLE_FLAG_DESCRIBES_VIDEO, com.google.android.exoplayer2.C.ROLE_FLAG_DESCRIBES_MUSIC_AND_SOUND, com.google.android.exoplayer2.C.ROLE_FLAG_ENHANCED_DIALOG_INTELLIGIBILITY, com.google.android.exoplayer2.C.ROLE_FLAG_TRANSCRIBES_DIALOG, com.google.android.exoplayer2.C.ROLE_FLAG_EASY_TO_READ, com.google.android.exoplayer2.C.ROLE_FLAG_TRICK_PLAY}" />
    </annotation>
  </item>
  <item name="com.google.android.exoplayer2.trackselection.TrackSelectionParameters.Builder preferredAudioRoleFlags">
    <annotation name="androidx.annotation.IntDef">
      <val name="flag" val="true" />
      <val name="value" val="{com.google.android.exoplayer2.C.ROLE_FLAG_MAIN, com.google.android.exoplayer2.C.ROLE_FLAG_ALTERNATE, com.google.android.exoplayer2.C.ROLE_FLAG_SUPPLEMENTARY, com.google.android.exoplayer2.C.ROLE_FLAG_COMMENTARY, com.google.android.exoplayer2.C.ROLE_FLAG_DUB, com.google.android.exoplayer2.C.ROLE_FLAG_EMERGENCY, com.google.android.exoplayer2.C.ROLE_FLAG_CAPTION, com.google.android.exoplayer2.C.ROLE_FLAG_SUBTITLE, com.google.android.exoplayer2.C.ROLE_FLAG_SIGN, com.google.android.exoplayer2.C.ROLE_FLAG_DESCRIBES_VIDEO, com.google.android.exoplayer2.C.ROLE_FLAG_DESCRIBES_MUSIC_AND_SOUND, com.google.android.exoplayer2.C.ROLE_FLAG_ENHANCED_DIALOG_INTELLIGIBILITY, com.google.android.exoplayer2.C.ROLE_FLAG_TRANSCRIBES_DIALOG, com.google.android.exoplayer2.C.ROLE_FLAG_EASY_TO_READ, com.google.android.exoplayer2.C.ROLE_FLAG_TRICK_PLAY}" />
    </annotation>
  </item>
  <item name="com.google.android.exoplayer2.trackselection.TrackSelectionParameters.Builder preferredTextRoleFlags">
    <annotation name="androidx.annotation.IntDef">
      <val name="flag" val="true" />
      <val name="value" val="{com.google.android.exoplayer2.C.ROLE_FLAG_MAIN, com.google.android.exoplayer2.C.ROLE_FLAG_ALTERNATE, com.google.android.exoplayer2.C.ROLE_FLAG_SUPPLEMENTARY, com.google.android.exoplayer2.C.ROLE_FLAG_COMMENTARY, com.google.android.exoplayer2.C.ROLE_FLAG_DUB, com.google.android.exoplayer2.C.ROLE_FLAG_EMERGENCY, com.google.android.exoplayer2.C.ROLE_FLAG_CAPTION, com.google.android.exoplayer2.C.ROLE_FLAG_SUBTITLE, com.google.android.exoplayer2.C.ROLE_FLAG_SIGN, com.google.android.exoplayer2.C.ROLE_FLAG_DESCRIBES_VIDEO, com.google.android.exoplayer2.C.ROLE_FLAG_DESCRIBES_MUSIC_AND_SOUND, com.google.android.exoplayer2.C.ROLE_FLAG_ENHANCED_DIALOG_INTELLIGIBILITY, com.google.android.exoplayer2.C.ROLE_FLAG_TRANSCRIBES_DIALOG, com.google.android.exoplayer2.C.ROLE_FLAG_EASY_TO_READ, com.google.android.exoplayer2.C.ROLE_FLAG_TRICK_PLAY}" />
    </annotation>
  </item>
  <item name="com.google.android.exoplayer2.trackselection.TrackSelectionParameters.Builder preferredVideoRoleFlags">
    <annotation name="androidx.annotation.IntDef">
      <val name="flag" val="true" />
      <val name="value" val="{com.google.android.exoplayer2.C.ROLE_FLAG_MAIN, com.google.android.exoplayer2.C.ROLE_FLAG_ALTERNATE, com.google.android.exoplayer2.C.ROLE_FLAG_SUPPLEMENTARY, com.google.android.exoplayer2.C.ROLE_FLAG_COMMENTARY, com.google.android.exoplayer2.C.ROLE_FLAG_DUB, com.google.android.exoplayer2.C.ROLE_FLAG_EMERGENCY, com.google.android.exoplayer2.C.ROLE_FLAG_CAPTION, com.google.android.exoplayer2.C.ROLE_FLAG_SUBTITLE, com.google.android.exoplayer2.C.ROLE_FLAG_SIGN, com.google.android.exoplayer2.C.ROLE_FLAG_DESCRIBES_VIDEO, com.google.android.exoplayer2.C.ROLE_FLAG_DESCRIBES_MUSIC_AND_SOUND, com.google.android.exoplayer2.C.ROLE_FLAG_ENHANCED_DIALOG_INTELLIGIBILITY, com.google.android.exoplayer2.C.ROLE_FLAG_TRANSCRIBES_DIALOG, com.google.android.exoplayer2.C.ROLE_FLAG_EASY_TO_READ, com.google.android.exoplayer2.C.ROLE_FLAG_TRICK_PLAY}" />
    </annotation>
  </item>
</root>

