<?xml version="1.0" encoding="UTF-8"?>
<root>
  <item name="com.facebook.fresco.animation.bitmap.BitmapAnimationBackend boolean drawBitmapAndCache(int, com.facebook.common.references.CloseableReference&lt;android.graphics.Bitmap&gt;, android.graphics.Canvas, int) 3">
    <annotation name="androidx.annotation.IntDef">
      <val name="value" val="{com.facebook.fresco.animation.bitmap.BitmapAnimationBackend.FRAME_TYPE_UNKNOWN, com.facebook.fresco.animation.bitmap.BitmapAnimationBackend.FRAME_TYPE_CACHED, com.facebook.fresco.animation.bitmap.BitmapAnimationBackend.FRAME_TYPE_REUSED, com.facebook.fresco.animation.bitmap.BitmapAnimationBackend.FRAME_TYPE_CREATED, com.facebook.fresco.animation.bitmap.BitmapAnimationBackend.FRAME_TYPE_FALLBACK}" />
    </annotation>
  </item>
  <item name="com.facebook.fresco.animation.bitmap.BitmapAnimationBackend boolean drawFrameOrFallback(android.graphics.Canvas, int, int) 2">
    <annotation name="androidx.annotation.IntDef">
      <val name="value" val="{com.facebook.fresco.animation.bitmap.BitmapAnimationBackend.FRAME_TYPE_UNKNOWN, com.facebook.fresco.animation.bitmap.BitmapAnimationBackend.FRAME_TYPE_CACHED, com.facebook.fresco.animation.bitmap.BitmapAnimationBackend.FRAME_TYPE_REUSED, com.facebook.fresco.animation.bitmap.BitmapAnimationBackend.FRAME_TYPE_CREATED, com.facebook.fresco.animation.bitmap.BitmapAnimationBackend.FRAME_TYPE_FALLBACK}" />
    </annotation>
  </item>
  <item name="com.facebook.fresco.animation.bitmap.BitmapAnimationBackend.FrameListener void onFrameDrawn(com.facebook.fresco.animation.bitmap.BitmapAnimationBackend, int, int) 2">
    <annotation name="androidx.annotation.IntDef">
      <val name="value" val="{com.facebook.fresco.animation.bitmap.BitmapAnimationBackend.FRAME_TYPE_UNKNOWN, com.facebook.fresco.animation.bitmap.BitmapAnimationBackend.FRAME_TYPE_CACHED, com.facebook.fresco.animation.bitmap.BitmapAnimationBackend.FRAME_TYPE_REUSED, com.facebook.fresco.animation.bitmap.BitmapAnimationBackend.FRAME_TYPE_CREATED, com.facebook.fresco.animation.bitmap.BitmapAnimationBackend.FRAME_TYPE_FALLBACK}" />
    </annotation>
  </item>
  <item name="com.facebook.fresco.animation.bitmap.BitmapAnimationBackend.FrameType">
    <annotation name="androidx.annotation.IntDef">
      <val name="value" val="{com.facebook.fresco.animation.bitmap.BitmapAnimationBackend.FRAME_TYPE_UNKNOWN, com.facebook.fresco.animation.bitmap.BitmapAnimationBackend.FRAME_TYPE_CACHED, com.facebook.fresco.animation.bitmap.BitmapAnimationBackend.FRAME_TYPE_REUSED, com.facebook.fresco.animation.bitmap.BitmapAnimationBackend.FRAME_TYPE_CREATED, com.facebook.fresco.animation.bitmap.BitmapAnimationBackend.FRAME_TYPE_FALLBACK}" />
    </annotation>
  </item>
  <item name="com.facebook.fresco.animation.bitmap.BitmapFrameCache void onFramePrepared(int, com.facebook.common.references.CloseableReference&lt;android.graphics.Bitmap&gt;, int) 2">
    <annotation name="androidx.annotation.IntDef">
      <val name="value" val="{com.facebook.fresco.animation.bitmap.BitmapAnimationBackend.FRAME_TYPE_UNKNOWN, com.facebook.fresco.animation.bitmap.BitmapAnimationBackend.FRAME_TYPE_CACHED, com.facebook.fresco.animation.bitmap.BitmapAnimationBackend.FRAME_TYPE_REUSED, com.facebook.fresco.animation.bitmap.BitmapAnimationBackend.FRAME_TYPE_CREATED, com.facebook.fresco.animation.bitmap.BitmapAnimationBackend.FRAME_TYPE_FALLBACK}" />
    </annotation>
  </item>
  <item name="com.facebook.fresco.animation.bitmap.BitmapFrameCache void onFrameRendered(int, com.facebook.common.references.CloseableReference&lt;android.graphics.Bitmap&gt;, int) 2">
    <annotation name="androidx.annotation.IntDef">
      <val name="value" val="{com.facebook.fresco.animation.bitmap.BitmapAnimationBackend.FRAME_TYPE_UNKNOWN, com.facebook.fresco.animation.bitmap.BitmapAnimationBackend.FRAME_TYPE_CACHED, com.facebook.fresco.animation.bitmap.BitmapAnimationBackend.FRAME_TYPE_REUSED, com.facebook.fresco.animation.bitmap.BitmapAnimationBackend.FRAME_TYPE_CREATED, com.facebook.fresco.animation.bitmap.BitmapAnimationBackend.FRAME_TYPE_FALLBACK}" />
    </annotation>
  </item>
</root>

