<?xml version="1.0" encoding="UTF-8"?>
<root>
  <item name="com.google.android.exoplayer2.mediacodec.AsynchronousMediaCodecAdapter state">
    <annotation name="androidx.annotation.IntDef">
      <val name="value" val="{com.google.android.exoplayer2.mediacodec.AsynchronousMediaCodecAdapter.STATE_CREATED, com.google.android.exoplayer2.mediacodec.AsynchronousMediaCodecAdapter.STATE_INITIALIZED, com.google.android.exoplayer2.mediacodec.AsynchronousMediaCodecAdapter.STATE_SHUT_DOWN}" />
    </annotation>
  </item>
  <item name="com.google.android.exoplayer2.mediacodec.DefaultMediaCodecAdapterFactory asynchronousMode">
    <annotation name="androidx.annotation.IntDef">
      <val name="value" val="{com.google.android.exoplayer2.mediacodec.DefaultMediaCodecAdapterFactory.MODE_DEFAULT, com.google.android.exoplayer2.mediacodec.DefaultMediaCodecAdapterFactory.MODE_ENABLED, com.google.android.exoplayer2.mediacodec.DefaultMediaCodecAdapterFactory.MODE_DISABLED}" />
    </annotation>
  </item>
  <item name="com.google.android.exoplayer2.mediacodec.MediaCodecRenderer boolean readSourceOmittingSampleData(int) 0">
    <annotation name="androidx.annotation.IntDef">
      <val name="flag" val="true" />
      <val name="value" val="{com.google.android.exoplayer2.source.SampleStream.FLAG_PEEK, com.google.android.exoplayer2.source.SampleStream.FLAG_REQUIRE_FORMAT, com.google.android.exoplayer2.source.SampleStream.FLAG_OMIT_SAMPLE_DATA}" />
    </annotation>
  </item>
  <item name="com.google.android.exoplayer2.mediacodec.MediaCodecRenderer codecAdaptationWorkaroundMode">
    <annotation name="androidx.annotation.IntDef">
      <val name="value" val="{com.google.android.exoplayer2.mediacodec.MediaCodecRenderer.ADAPTATION_WORKAROUND_MODE_NEVER, com.google.android.exoplayer2.mediacodec.MediaCodecRenderer.ADAPTATION_WORKAROUND_MODE_SAME_RESOLUTION, com.google.android.exoplayer2.mediacodec.MediaCodecRenderer.ADAPTATION_WORKAROUND_MODE_ALWAYS}" />
    </annotation>
  </item>
  <item name="com.google.android.exoplayer2.mediacodec.MediaCodecRenderer codecDrainAction">
    <annotation name="androidx.annotation.IntDef">
      <val name="value" val="{com.google.android.exoplayer2.mediacodec.MediaCodecRenderer.DRAIN_ACTION_NONE, com.google.android.exoplayer2.mediacodec.MediaCodecRenderer.DRAIN_ACTION_FLUSH, com.google.android.exoplayer2.mediacodec.MediaCodecRenderer.DRAIN_ACTION_FLUSH_AND_UPDATE_DRM_SESSION, com.google.android.exoplayer2.mediacodec.MediaCodecRenderer.DRAIN_ACTION_REINITIALIZE}" />
    </annotation>
  </item>
  <item name="com.google.android.exoplayer2.mediacodec.MediaCodecRenderer codecDrainState">
    <annotation name="androidx.annotation.IntDef">
      <val name="value" val="{com.google.android.exoplayer2.mediacodec.MediaCodecRenderer.DRAIN_STATE_NONE, com.google.android.exoplayer2.mediacodec.MediaCodecRenderer.DRAIN_STATE_SIGNAL_END_OF_STREAM, com.google.android.exoplayer2.mediacodec.MediaCodecRenderer.DRAIN_STATE_WAIT_END_OF_STREAM}" />
    </annotation>
  </item>
  <item name="com.google.android.exoplayer2.mediacodec.MediaCodecRenderer codecReconfigurationState">
    <annotation name="androidx.annotation.IntDef">
      <val name="value" val="{com.google.android.exoplayer2.mediacodec.MediaCodecRenderer.RECONFIGURATION_STATE_NONE, com.google.android.exoplayer2.mediacodec.MediaCodecRenderer.RECONFIGURATION_STATE_WRITE_PENDING, com.google.android.exoplayer2.mediacodec.MediaCodecRenderer.RECONFIGURATION_STATE_QUEUE_PENDING}" />
    </annotation>
  </item>
  <item name="com.google.android.exoplayer2.mediacodec.MediaCodecRenderer int codecAdaptationWorkaroundMode(java.lang.String)">
    <annotation name="androidx.annotation.IntDef">
      <val name="value" val="{com.google.android.exoplayer2.mediacodec.MediaCodecRenderer.ADAPTATION_WORKAROUND_MODE_NEVER, com.google.android.exoplayer2.mediacodec.MediaCodecRenderer.ADAPTATION_WORKAROUND_MODE_SAME_RESOLUTION, com.google.android.exoplayer2.mediacodec.MediaCodecRenderer.ADAPTATION_WORKAROUND_MODE_ALWAYS}" />
    </annotation>
  </item>
  <item name="com.google.android.exoplayer2.mediacodec.MediaCodecRenderer int supportsFormat(com.google.android.exoplayer2.Format)">
  </item>
  <item name="com.google.android.exoplayer2.mediacodec.MediaCodecRenderer int supportsFormat(com.google.android.exoplayer2.mediacodec.MediaCodecSelector, com.google.android.exoplayer2.Format)">
  </item>
  <item name="com.google.android.exoplayer2.mediacodec.MediaCodecRenderer int supportsMixedMimeTypeAdaptation()">
    <annotation name="androidx.annotation.IntDef">
      <val name="value" val="{com.google.android.exoplayer2.RendererCapabilities.ADAPTIVE_SEAMLESS, com.google.android.exoplayer2.RendererCapabilities.ADAPTIVE_NOT_SEAMLESS, com.google.android.exoplayer2.RendererCapabilities.ADAPTIVE_NOT_SUPPORTED}" />
    </annotation>
  </item>
</root>

