<?xml version="1.0" encoding="UTF-8"?>
<root>
  <item name="com.google.android.exoplayer2.AudioFocusManager audioFocusState">
    <annotation name="androidx.annotation.IntDef">
      <val name="value" val="{com.google.android.exoplayer2.AudioFocusManager.AUDIO_FOCUS_STATE_NO_FOCUS, com.google.android.exoplayer2.AudioFocusManager.AUDIO_FOCUS_STATE_HAVE_FOCUS, com.google.android.exoplayer2.AudioFocusManager.AUDIO_FOCUS_STATE_LOSS_TRANSIENT, com.google.android.exoplayer2.AudioFocusManager.AUDIO_FOCUS_STATE_LOSS_TRANSIENT_DUCK}" />
    </annotation>
  </item>
  <item name="com.google.android.exoplayer2.AudioFocusManager focusGainToRequest">
    <annotation name="androidx.annotation.IntDef">
      <val name="value" val="{com.google.android.exoplayer2.AudioFocusManager.AUDIOFOCUS_NONE, com.google.android.exoplayer2.AudioFocusManager.AUDIOFOCUS_GAIN, com.google.android.exoplayer2.AudioFocusManager.AUDIOFOCUS_GAIN_TRANSIENT, com.google.android.exoplayer2.AudioFocusManager.AUDIOFOCUS_GAIN_TRANSIENT_MAY_DUCK, com.google.android.exoplayer2.AudioFocusManager.AUDIOFOCUS_GAIN_TRANSIENT_EXCLUSIVE}" />
    </annotation>
  </item>
  <item name="com.google.android.exoplayer2.AudioFocusManager int convertAudioAttributesToFocusGain(com.google.android.exoplayer2.audio.AudioAttributes)">
    <annotation name="androidx.annotation.IntDef">
      <val name="value" val="{com.google.android.exoplayer2.AudioFocusManager.AUDIOFOCUS_NONE, com.google.android.exoplayer2.AudioFocusManager.AUDIOFOCUS_GAIN, com.google.android.exoplayer2.AudioFocusManager.AUDIOFOCUS_GAIN_TRANSIENT, com.google.android.exoplayer2.AudioFocusManager.AUDIOFOCUS_GAIN_TRANSIENT_MAY_DUCK, com.google.android.exoplayer2.AudioFocusManager.AUDIOFOCUS_GAIN_TRANSIENT_EXCLUSIVE}" />
    </annotation>
  </item>
  <item name="com.google.android.exoplayer2.AudioFocusManager int requestAudioFocus()">
    <annotation name="androidx.annotation.IntDef">
      <val name="value" val="{com.google.android.exoplayer2.AudioFocusManager.PLAYER_COMMAND_DO_NOT_PLAY, com.google.android.exoplayer2.AudioFocusManager.PLAYER_COMMAND_WAIT_FOR_CALLBACK, com.google.android.exoplayer2.AudioFocusManager.PLAYER_COMMAND_PLAY_WHEN_READY}" />
    </annotation>
  </item>
  <item name="com.google.android.exoplayer2.AudioFocusManager int updateAudioFocus(boolean, int)">
    <annotation name="androidx.annotation.IntDef">
      <val name="value" val="{com.google.android.exoplayer2.AudioFocusManager.PLAYER_COMMAND_DO_NOT_PLAY, com.google.android.exoplayer2.AudioFocusManager.PLAYER_COMMAND_WAIT_FOR_CALLBACK, com.google.android.exoplayer2.AudioFocusManager.PLAYER_COMMAND_PLAY_WHEN_READY}" />
    </annotation>
  </item>
  <item name="com.google.android.exoplayer2.AudioFocusManager void executePlayerCommand(int) 0">
    <annotation name="androidx.annotation.IntDef">
      <val name="value" val="{com.google.android.exoplayer2.AudioFocusManager.PLAYER_COMMAND_DO_NOT_PLAY, com.google.android.exoplayer2.AudioFocusManager.PLAYER_COMMAND_WAIT_FOR_CALLBACK, com.google.android.exoplayer2.AudioFocusManager.PLAYER_COMMAND_PLAY_WHEN_READY}" />
    </annotation>
  </item>
  <item name="com.google.android.exoplayer2.AudioFocusManager void setAudioFocusState(int) 0">
    <annotation name="androidx.annotation.IntDef">
      <val name="value" val="{com.google.android.exoplayer2.AudioFocusManager.AUDIO_FOCUS_STATE_NO_FOCUS, com.google.android.exoplayer2.AudioFocusManager.AUDIO_FOCUS_STATE_HAVE_FOCUS, com.google.android.exoplayer2.AudioFocusManager.AUDIO_FOCUS_STATE_LOSS_TRANSIENT, com.google.android.exoplayer2.AudioFocusManager.AUDIO_FOCUS_STATE_LOSS_TRANSIENT_DUCK}" />
    </annotation>
  </item>
  <item name="com.google.android.exoplayer2.AudioFocusManager.PlayerCommand">
    <annotation name="androidx.annotation.IntDef">
      <val name="value" val="{com.google.android.exoplayer2.AudioFocusManager.PLAYER_COMMAND_DO_NOT_PLAY, com.google.android.exoplayer2.AudioFocusManager.PLAYER_COMMAND_WAIT_FOR_CALLBACK, com.google.android.exoplayer2.AudioFocusManager.PLAYER_COMMAND_PLAY_WHEN_READY}" />
    </annotation>
  </item>
  <item name="com.google.android.exoplayer2.AudioFocusManager.PlayerControl void executePlayerCommand(int) 0">
    <annotation name="androidx.annotation.IntDef">
      <val name="value" val="{com.google.android.exoplayer2.AudioFocusManager.PLAYER_COMMAND_DO_NOT_PLAY, com.google.android.exoplayer2.AudioFocusManager.PLAYER_COMMAND_WAIT_FOR_CALLBACK, com.google.android.exoplayer2.AudioFocusManager.PLAYER_COMMAND_PLAY_WHEN_READY}" />
    </annotation>
  </item>
  <item name="com.google.android.exoplayer2.BaseRenderer int readSource(com.google.android.exoplayer2.FormatHolder, com.google.android.exoplayer2.decoder.DecoderInputBuffer, int)">
    <annotation name="androidx.annotation.IntDef">
      <val name="value" val="{com.google.android.exoplayer2.C.RESULT_NOTHING_READ, com.google.android.exoplayer2.C.RESULT_FORMAT_READ, com.google.android.exoplayer2.C.RESULT_BUFFER_READ}" />
    </annotation>
  </item>
  <item name="com.google.android.exoplayer2.BaseRenderer int readSource(com.google.android.exoplayer2.FormatHolder, com.google.android.exoplayer2.decoder.DecoderInputBuffer, int) 2">
    <annotation name="androidx.annotation.IntDef">
      <val name="flag" val="true" />
      <val name="value" val="{com.google.android.exoplayer2.source.SampleStream.FLAG_PEEK, com.google.android.exoplayer2.source.SampleStream.FLAG_REQUIRE_FORMAT, com.google.android.exoplayer2.source.SampleStream.FLAG_OMIT_SAMPLE_DATA}" />
    </annotation>
  </item>
  <item name="com.google.android.exoplayer2.BaseRenderer int supportsMixedMimeTypeAdaptation()">
    <annotation name="androidx.annotation.IntDef">
      <val name="value" val="{com.google.android.exoplayer2.RendererCapabilities.ADAPTIVE_SEAMLESS, com.google.android.exoplayer2.RendererCapabilities.ADAPTIVE_NOT_SEAMLESS, com.google.android.exoplayer2.RendererCapabilities.ADAPTIVE_NOT_SUPPORTED}" />
    </annotation>
  </item>
  <item name="com.google.android.exoplayer2.BaseRenderer void handleMessage(int, java.lang.Object) 0">
    <annotation name="androidx.annotation.IntDef">
      <val name="open" val="true" />
      <val name="value" val="{com.google.android.exoplayer2.Renderer.MSG_SET_VIDEO_OUTPUT, com.google.android.exoplayer2.Renderer.MSG_SET_VOLUME, com.google.android.exoplayer2.Renderer.MSG_SET_AUDIO_ATTRIBUTES, com.google.android.exoplayer2.Renderer.MSG_SET_SCALING_MODE, com.google.android.exoplayer2.Renderer.MSG_SET_CHANGE_FRAME_RATE_STRATEGY, com.google.android.exoplayer2.Renderer.MSG_SET_AUX_EFFECT_INFO, com.google.android.exoplayer2.Renderer.MSG_SET_VIDEO_FRAME_METADATA_LISTENER, com.google.android.exoplayer2.Renderer.MSG_SET_CAMERA_MOTION_LISTENER, com.google.android.exoplayer2.Renderer.MSG_SET_SKIP_SILENCE_ENABLED, com.google.android.exoplayer2.Renderer.MSG_SET_AUDIO_SESSION_ID, com.google.android.exoplayer2.Renderer.MSG_SET_WAKEUP_LISTENER}" />
    </annotation>
  </item>
  <item name="com.google.android.exoplayer2.DefaultRenderersFactory com.google.android.exoplayer2.DefaultRenderersFactory setExtensionRendererMode(int) 0">
    <annotation name="androidx.annotation.IntDef">
      <val name="value" val="{com.google.android.exoplayer2.DefaultRenderersFactory.EXTENSION_RENDERER_MODE_OFF, com.google.android.exoplayer2.DefaultRenderersFactory.EXTENSION_RENDERER_MODE_ON, com.google.android.exoplayer2.DefaultRenderersFactory.EXTENSION_RENDERER_MODE_PREFER}" />
    </annotation>
  </item>
  <item name="com.google.android.exoplayer2.DefaultRenderersFactory extensionRendererMode">
    <annotation name="androidx.annotation.IntDef">
      <val name="value" val="{com.google.android.exoplayer2.DefaultRenderersFactory.EXTENSION_RENDERER_MODE_OFF, com.google.android.exoplayer2.DefaultRenderersFactory.EXTENSION_RENDERER_MODE_ON, com.google.android.exoplayer2.DefaultRenderersFactory.EXTENSION_RENDERER_MODE_PREFER}" />
    </annotation>
  </item>
  <item name="com.google.android.exoplayer2.DefaultRenderersFactory void buildAudioRenderers(android.content.Context, int, com.google.android.exoplayer2.mediacodec.MediaCodecSelector, boolean, com.google.android.exoplayer2.audio.AudioSink, android.os.Handler, com.google.android.exoplayer2.audio.AudioRendererEventListener, java.util.ArrayList&lt;com.google.android.exoplayer2.Renderer&gt;) 1">
    <annotation name="androidx.annotation.IntDef">
      <val name="value" val="{com.google.android.exoplayer2.DefaultRenderersFactory.EXTENSION_RENDERER_MODE_OFF, com.google.android.exoplayer2.DefaultRenderersFactory.EXTENSION_RENDERER_MODE_ON, com.google.android.exoplayer2.DefaultRenderersFactory.EXTENSION_RENDERER_MODE_PREFER}" />
    </annotation>
  </item>
  <item name="com.google.android.exoplayer2.DefaultRenderersFactory void buildCameraMotionRenderers(android.content.Context, int, java.util.ArrayList&lt;com.google.android.exoplayer2.Renderer&gt;) 1">
    <annotation name="androidx.annotation.IntDef">
      <val name="value" val="{com.google.android.exoplayer2.DefaultRenderersFactory.EXTENSION_RENDERER_MODE_OFF, com.google.android.exoplayer2.DefaultRenderersFactory.EXTENSION_RENDERER_MODE_ON, com.google.android.exoplayer2.DefaultRenderersFactory.EXTENSION_RENDERER_MODE_PREFER}" />
    </annotation>
  </item>
  <item name="com.google.android.exoplayer2.DefaultRenderersFactory void buildMetadataRenderers(android.content.Context, com.google.android.exoplayer2.metadata.MetadataOutput, android.os.Looper, int, java.util.ArrayList&lt;com.google.android.exoplayer2.Renderer&gt;) 3">
    <annotation name="androidx.annotation.IntDef">
      <val name="value" val="{com.google.android.exoplayer2.DefaultRenderersFactory.EXTENSION_RENDERER_MODE_OFF, com.google.android.exoplayer2.DefaultRenderersFactory.EXTENSION_RENDERER_MODE_ON, com.google.android.exoplayer2.DefaultRenderersFactory.EXTENSION_RENDERER_MODE_PREFER}" />
    </annotation>
  </item>
  <item name="com.google.android.exoplayer2.DefaultRenderersFactory void buildMiscellaneousRenderers(android.content.Context, android.os.Handler, int, java.util.ArrayList&lt;com.google.android.exoplayer2.Renderer&gt;) 2">
    <annotation name="androidx.annotation.IntDef">
      <val name="value" val="{com.google.android.exoplayer2.DefaultRenderersFactory.EXTENSION_RENDERER_MODE_OFF, com.google.android.exoplayer2.DefaultRenderersFactory.EXTENSION_RENDERER_MODE_ON, com.google.android.exoplayer2.DefaultRenderersFactory.EXTENSION_RENDERER_MODE_PREFER}" />
    </annotation>
  </item>
  <item name="com.google.android.exoplayer2.DefaultRenderersFactory void buildTextRenderers(android.content.Context, com.google.android.exoplayer2.text.TextOutput, android.os.Looper, int, java.util.ArrayList&lt;com.google.android.exoplayer2.Renderer&gt;) 3">
    <annotation name="androidx.annotation.IntDef">
      <val name="value" val="{com.google.android.exoplayer2.DefaultRenderersFactory.EXTENSION_RENDERER_MODE_OFF, com.google.android.exoplayer2.DefaultRenderersFactory.EXTENSION_RENDERER_MODE_ON, com.google.android.exoplayer2.DefaultRenderersFactory.EXTENSION_RENDERER_MODE_PREFER}" />
    </annotation>
  </item>
  <item name="com.google.android.exoplayer2.DefaultRenderersFactory void buildVideoRenderers(android.content.Context, int, com.google.android.exoplayer2.mediacodec.MediaCodecSelector, boolean, android.os.Handler, com.google.android.exoplayer2.video.VideoRendererEventListener, long, java.util.ArrayList&lt;com.google.android.exoplayer2.Renderer&gt;) 1">
    <annotation name="androidx.annotation.IntDef">
      <val name="value" val="{com.google.android.exoplayer2.DefaultRenderersFactory.EXTENSION_RENDERER_MODE_OFF, com.google.android.exoplayer2.DefaultRenderersFactory.EXTENSION_RENDERER_MODE_ON, com.google.android.exoplayer2.DefaultRenderersFactory.EXTENSION_RENDERER_MODE_PREFER}" />
    </annotation>
  </item>
  <item name="com.google.android.exoplayer2.DefaultRenderersFactory.ExtensionRendererMode">
    <annotation name="androidx.annotation.IntDef">
      <val name="value" val="{com.google.android.exoplayer2.DefaultRenderersFactory.EXTENSION_RENDERER_MODE_OFF, com.google.android.exoplayer2.DefaultRenderersFactory.EXTENSION_RENDERER_MODE_ON, com.google.android.exoplayer2.DefaultRenderersFactory.EXTENSION_RENDERER_MODE_PREFER}" />
    </annotation>
  </item>
  <item name="com.google.android.exoplayer2.ExoPlaybackException ExoPlaybackException(int, java.lang.Throwable, int) 0">
    <annotation name="androidx.annotation.IntDef">
      <val name="value" val="{com.google.android.exoplayer2.ExoPlaybackException.TYPE_SOURCE, com.google.android.exoplayer2.ExoPlaybackException.TYPE_RENDERER, com.google.android.exoplayer2.ExoPlaybackException.TYPE_UNEXPECTED, com.google.android.exoplayer2.ExoPlaybackException.TYPE_REMOTE}" />
    </annotation>
  </item>
  <item name="com.google.android.exoplayer2.ExoPlaybackException ExoPlaybackException(int, java.lang.Throwable, java.lang.String, int, java.lang.String, int, com.google.android.exoplayer2.Format, int, boolean) 0">
    <annotation name="androidx.annotation.IntDef">
      <val name="value" val="{com.google.android.exoplayer2.ExoPlaybackException.TYPE_SOURCE, com.google.android.exoplayer2.ExoPlaybackException.TYPE_RENDERER, com.google.android.exoplayer2.ExoPlaybackException.TYPE_UNEXPECTED, com.google.android.exoplayer2.ExoPlaybackException.TYPE_REMOTE}" />
    </annotation>
  </item>
  <item name="com.google.android.exoplayer2.ExoPlaybackException ExoPlaybackException(java.lang.String, java.lang.Throwable, int, int, java.lang.String, int, com.google.android.exoplayer2.Format, int, com.google.android.exoplayer2.source.MediaPeriodId, long, boolean) 3">
    <annotation name="androidx.annotation.IntDef">
      <val name="value" val="{com.google.android.exoplayer2.ExoPlaybackException.TYPE_SOURCE, com.google.android.exoplayer2.ExoPlaybackException.TYPE_RENDERER, com.google.android.exoplayer2.ExoPlaybackException.TYPE_UNEXPECTED, com.google.android.exoplayer2.ExoPlaybackException.TYPE_REMOTE}" />
    </annotation>
  </item>
  <item name="com.google.android.exoplayer2.ExoPlaybackException java.lang.String deriveMessage(int, java.lang.String, java.lang.String, int, com.google.android.exoplayer2.Format, int) 0">
    <annotation name="androidx.annotation.IntDef">
      <val name="value" val="{com.google.android.exoplayer2.ExoPlaybackException.TYPE_SOURCE, com.google.android.exoplayer2.ExoPlaybackException.TYPE_RENDERER, com.google.android.exoplayer2.ExoPlaybackException.TYPE_UNEXPECTED, com.google.android.exoplayer2.ExoPlaybackException.TYPE_REMOTE}" />
    </annotation>
  </item>
  <item name="com.google.android.exoplayer2.ExoPlaybackException type">
    <annotation name="androidx.annotation.IntDef">
      <val name="value" val="{com.google.android.exoplayer2.ExoPlaybackException.TYPE_SOURCE, com.google.android.exoplayer2.ExoPlaybackException.TYPE_RENDERER, com.google.android.exoplayer2.ExoPlaybackException.TYPE_UNEXPECTED, com.google.android.exoplayer2.ExoPlaybackException.TYPE_REMOTE}" />
    </annotation>
  </item>
  <item name="com.google.android.exoplayer2.ExoPlaybackException.Type">
    <annotation name="androidx.annotation.IntDef">
      <val name="value" val="{com.google.android.exoplayer2.ExoPlaybackException.TYPE_SOURCE, com.google.android.exoplayer2.ExoPlaybackException.TYPE_RENDERER, com.google.android.exoplayer2.ExoPlaybackException.TYPE_UNEXPECTED, com.google.android.exoplayer2.ExoPlaybackException.TYPE_REMOTE}" />
    </annotation>
  </item>
  <item name="com.google.android.exoplayer2.ExoPlayerImpl void updatePlayWhenReady(boolean, int, int) 1">
    <annotation name="androidx.annotation.IntDef">
      <val name="value" val="{com.google.android.exoplayer2.AudioFocusManager.PLAYER_COMMAND_DO_NOT_PLAY, com.google.android.exoplayer2.AudioFocusManager.PLAYER_COMMAND_WAIT_FOR_CALLBACK, com.google.android.exoplayer2.AudioFocusManager.PLAYER_COMMAND_PLAY_WHEN_READY}" />
    </annotation>
  </item>
  <item name="com.google.android.exoplayer2.ExoPlayerImpl.ComponentListener void executePlayerCommand(int) 0">
    <annotation name="androidx.annotation.IntDef">
      <val name="value" val="{com.google.android.exoplayer2.AudioFocusManager.PLAYER_COMMAND_DO_NOT_PLAY, com.google.android.exoplayer2.AudioFocusManager.PLAYER_COMMAND_WAIT_FOR_CALLBACK, com.google.android.exoplayer2.AudioFocusManager.PLAYER_COMMAND_PLAY_WHEN_READY}" />
    </annotation>
  </item>
  <item name="com.google.android.exoplayer2.ExoPlayerImpl.FrameMetadataListener MSG_SET_CAMERA_MOTION_LISTENER">
    <annotation name="androidx.annotation.IntDef">
      <val name="open" val="true" />
      <val name="value" val="{com.google.android.exoplayer2.Renderer.MSG_SET_VIDEO_OUTPUT, com.google.android.exoplayer2.Renderer.MSG_SET_VOLUME, com.google.android.exoplayer2.Renderer.MSG_SET_AUDIO_ATTRIBUTES, com.google.android.exoplayer2.Renderer.MSG_SET_SCALING_MODE, com.google.android.exoplayer2.Renderer.MSG_SET_CHANGE_FRAME_RATE_STRATEGY, com.google.android.exoplayer2.Renderer.MSG_SET_AUX_EFFECT_INFO, com.google.android.exoplayer2.Renderer.MSG_SET_VIDEO_FRAME_METADATA_LISTENER, com.google.android.exoplayer2.Renderer.MSG_SET_CAMERA_MOTION_LISTENER, com.google.android.exoplayer2.Renderer.MSG_SET_SKIP_SILENCE_ENABLED, com.google.android.exoplayer2.Renderer.MSG_SET_AUDIO_SESSION_ID, com.google.android.exoplayer2.Renderer.MSG_SET_WAKEUP_LISTENER}" />
    </annotation>
  </item>
  <item name="com.google.android.exoplayer2.ExoPlayerImpl.FrameMetadataListener MSG_SET_SPHERICAL_SURFACE_VIEW">
    <annotation name="androidx.annotation.IntDef">
      <val name="open" val="true" />
      <val name="value" val="{com.google.android.exoplayer2.Renderer.MSG_SET_VIDEO_OUTPUT, com.google.android.exoplayer2.Renderer.MSG_SET_VOLUME, com.google.android.exoplayer2.Renderer.MSG_SET_AUDIO_ATTRIBUTES, com.google.android.exoplayer2.Renderer.MSG_SET_SCALING_MODE, com.google.android.exoplayer2.Renderer.MSG_SET_CHANGE_FRAME_RATE_STRATEGY, com.google.android.exoplayer2.Renderer.MSG_SET_AUX_EFFECT_INFO, com.google.android.exoplayer2.Renderer.MSG_SET_VIDEO_FRAME_METADATA_LISTENER, com.google.android.exoplayer2.Renderer.MSG_SET_CAMERA_MOTION_LISTENER, com.google.android.exoplayer2.Renderer.MSG_SET_SKIP_SILENCE_ENABLED, com.google.android.exoplayer2.Renderer.MSG_SET_AUDIO_SESSION_ID, com.google.android.exoplayer2.Renderer.MSG_SET_WAKEUP_LISTENER}" />
    </annotation>
  </item>
  <item name="com.google.android.exoplayer2.ExoPlayerImpl.FrameMetadataListener MSG_SET_VIDEO_FRAME_METADATA_LISTENER">
    <annotation name="androidx.annotation.IntDef">
      <val name="open" val="true" />
      <val name="value" val="{com.google.android.exoplayer2.Renderer.MSG_SET_VIDEO_OUTPUT, com.google.android.exoplayer2.Renderer.MSG_SET_VOLUME, com.google.android.exoplayer2.Renderer.MSG_SET_AUDIO_ATTRIBUTES, com.google.android.exoplayer2.Renderer.MSG_SET_SCALING_MODE, com.google.android.exoplayer2.Renderer.MSG_SET_CHANGE_FRAME_RATE_STRATEGY, com.google.android.exoplayer2.Renderer.MSG_SET_AUX_EFFECT_INFO, com.google.android.exoplayer2.Renderer.MSG_SET_VIDEO_FRAME_METADATA_LISTENER, com.google.android.exoplayer2.Renderer.MSG_SET_CAMERA_MOTION_LISTENER, com.google.android.exoplayer2.Renderer.MSG_SET_SKIP_SILENCE_ENABLED, com.google.android.exoplayer2.Renderer.MSG_SET_AUDIO_SESSION_ID, com.google.android.exoplayer2.Renderer.MSG_SET_WAKEUP_LISTENER}" />
    </annotation>
  </item>
  <item name="com.google.android.exoplayer2.ExoPlayerImpl.FrameMetadataListener void handleMessage(int, java.lang.Object) 0">
    <annotation name="androidx.annotation.IntDef">
      <val name="open" val="true" />
      <val name="value" val="{com.google.android.exoplayer2.Renderer.MSG_SET_VIDEO_OUTPUT, com.google.android.exoplayer2.Renderer.MSG_SET_VOLUME, com.google.android.exoplayer2.Renderer.MSG_SET_AUDIO_ATTRIBUTES, com.google.android.exoplayer2.Renderer.MSG_SET_SCALING_MODE, com.google.android.exoplayer2.Renderer.MSG_SET_CHANGE_FRAME_RATE_STRATEGY, com.google.android.exoplayer2.Renderer.MSG_SET_AUX_EFFECT_INFO, com.google.android.exoplayer2.Renderer.MSG_SET_VIDEO_FRAME_METADATA_LISTENER, com.google.android.exoplayer2.Renderer.MSG_SET_CAMERA_MOTION_LISTENER, com.google.android.exoplayer2.Renderer.MSG_SET_SKIP_SILENCE_ENABLED, com.google.android.exoplayer2.Renderer.MSG_SET_AUDIO_SESSION_ID, com.google.android.exoplayer2.Renderer.MSG_SET_WAKEUP_LISTENER}" />
    </annotation>
  </item>
  <item name="com.google.android.exoplayer2.ExoTimeoutException ExoTimeoutException(int) 0">
    <annotation name="androidx.annotation.IntDef">
      <val name="value" val="{com.google.android.exoplayer2.ExoTimeoutException.TIMEOUT_OPERATION_UNDEFINED, com.google.android.exoplayer2.ExoTimeoutException.TIMEOUT_OPERATION_RELEASE, com.google.android.exoplayer2.ExoTimeoutException.TIMEOUT_OPERATION_SET_FOREGROUND_MODE, com.google.android.exoplayer2.ExoTimeoutException.TIMEOUT_OPERATION_DETACH_SURFACE}" />
    </annotation>
  </item>
  <item name="com.google.android.exoplayer2.ExoTimeoutException java.lang.String getErrorMessage(int) 0">
    <annotation name="androidx.annotation.IntDef">
      <val name="value" val="{com.google.android.exoplayer2.ExoTimeoutException.TIMEOUT_OPERATION_UNDEFINED, com.google.android.exoplayer2.ExoTimeoutException.TIMEOUT_OPERATION_RELEASE, com.google.android.exoplayer2.ExoTimeoutException.TIMEOUT_OPERATION_SET_FOREGROUND_MODE, com.google.android.exoplayer2.ExoTimeoutException.TIMEOUT_OPERATION_DETACH_SURFACE}" />
    </annotation>
  </item>
  <item name="com.google.android.exoplayer2.ExoTimeoutException timeoutOperation">
    <annotation name="androidx.annotation.IntDef">
      <val name="value" val="{com.google.android.exoplayer2.ExoTimeoutException.TIMEOUT_OPERATION_UNDEFINED, com.google.android.exoplayer2.ExoTimeoutException.TIMEOUT_OPERATION_RELEASE, com.google.android.exoplayer2.ExoTimeoutException.TIMEOUT_OPERATION_SET_FOREGROUND_MODE, com.google.android.exoplayer2.ExoTimeoutException.TIMEOUT_OPERATION_DETACH_SURFACE}" />
    </annotation>
  </item>
  <item name="com.google.android.exoplayer2.ExoTimeoutException.TimeoutOperation">
    <annotation name="androidx.annotation.IntDef">
      <val name="value" val="{com.google.android.exoplayer2.ExoTimeoutException.TIMEOUT_OPERATION_UNDEFINED, com.google.android.exoplayer2.ExoTimeoutException.TIMEOUT_OPERATION_RELEASE, com.google.android.exoplayer2.ExoTimeoutException.TIMEOUT_OPERATION_SET_FOREGROUND_MODE, com.google.android.exoplayer2.ExoTimeoutException.TIMEOUT_OPERATION_DETACH_SURFACE}" />
    </annotation>
  </item>
  <item name="com.google.android.exoplayer2.MediaSourceList.ForwardingEventListener void onDrmSessionAcquired(int, com.google.android.exoplayer2.source.MediaSource.MediaPeriodId, int) 2">
    <annotation name="androidx.annotation.IntDef">
      <val name="value" val="{com.google.android.exoplayer2.drm.DrmSession.STATE_RELEASED, com.google.android.exoplayer2.drm.DrmSession.STATE_ERROR, com.google.android.exoplayer2.drm.DrmSession.STATE_OPENING, com.google.android.exoplayer2.drm.DrmSession.STATE_OPENED, com.google.android.exoplayer2.drm.DrmSession.STATE_OPENED_WITH_KEYS}" />
    </annotation>
  </item>
  <item name="com.google.android.exoplayer2.NoSampleRenderer int supportsFormat(com.google.android.exoplayer2.Format)">
  </item>
  <item name="com.google.android.exoplayer2.NoSampleRenderer int supportsMixedMimeTypeAdaptation()">
    <annotation name="androidx.annotation.IntDef">
      <val name="value" val="{com.google.android.exoplayer2.RendererCapabilities.ADAPTIVE_SEAMLESS, com.google.android.exoplayer2.RendererCapabilities.ADAPTIVE_NOT_SEAMLESS, com.google.android.exoplayer2.RendererCapabilities.ADAPTIVE_NOT_SUPPORTED}" />
    </annotation>
  </item>
  <item name="com.google.android.exoplayer2.NoSampleRenderer void handleMessage(int, java.lang.Object) 0">
    <annotation name="androidx.annotation.IntDef">
      <val name="open" val="true" />
      <val name="value" val="{com.google.android.exoplayer2.Renderer.MSG_SET_VIDEO_OUTPUT, com.google.android.exoplayer2.Renderer.MSG_SET_VOLUME, com.google.android.exoplayer2.Renderer.MSG_SET_AUDIO_ATTRIBUTES, com.google.android.exoplayer2.Renderer.MSG_SET_SCALING_MODE, com.google.android.exoplayer2.Renderer.MSG_SET_CHANGE_FRAME_RATE_STRATEGY, com.google.android.exoplayer2.Renderer.MSG_SET_AUX_EFFECT_INFO, com.google.android.exoplayer2.Renderer.MSG_SET_VIDEO_FRAME_METADATA_LISTENER, com.google.android.exoplayer2.Renderer.MSG_SET_CAMERA_MOTION_LISTENER, com.google.android.exoplayer2.Renderer.MSG_SET_SKIP_SILENCE_ENABLED, com.google.android.exoplayer2.Renderer.MSG_SET_AUDIO_SESSION_ID, com.google.android.exoplayer2.Renderer.MSG_SET_WAKEUP_LISTENER}" />
    </annotation>
  </item>
  <item name="com.google.android.exoplayer2.PlayerMessage.Target void handleMessage(int, java.lang.Object) 0">
    <annotation name="androidx.annotation.IntDef">
      <val name="open" val="true" />
      <val name="value" val="{com.google.android.exoplayer2.Renderer.MSG_SET_VIDEO_OUTPUT, com.google.android.exoplayer2.Renderer.MSG_SET_VOLUME, com.google.android.exoplayer2.Renderer.MSG_SET_AUDIO_ATTRIBUTES, com.google.android.exoplayer2.Renderer.MSG_SET_SCALING_MODE, com.google.android.exoplayer2.Renderer.MSG_SET_CHANGE_FRAME_RATE_STRATEGY, com.google.android.exoplayer2.Renderer.MSG_SET_AUX_EFFECT_INFO, com.google.android.exoplayer2.Renderer.MSG_SET_VIDEO_FRAME_METADATA_LISTENER, com.google.android.exoplayer2.Renderer.MSG_SET_CAMERA_MOTION_LISTENER, com.google.android.exoplayer2.Renderer.MSG_SET_SKIP_SILENCE_ENABLED, com.google.android.exoplayer2.Renderer.MSG_SET_AUDIO_SESSION_ID, com.google.android.exoplayer2.Renderer.MSG_SET_WAKEUP_LISTENER}" />
    </annotation>
  </item>
  <item name="com.google.android.exoplayer2.Renderer int getState()">
    <annotation name="androidx.annotation.IntDef">
      <val name="value" val="{com.google.android.exoplayer2.Renderer.STATE_DISABLED, com.google.android.exoplayer2.Renderer.STATE_ENABLED, com.google.android.exoplayer2.Renderer.STATE_STARTED}" />
    </annotation>
  </item>
  <item name="com.google.android.exoplayer2.Renderer.MessageType">
    <annotation name="androidx.annotation.IntDef">
      <val name="open" val="true" />
      <val name="value" val="{com.google.android.exoplayer2.Renderer.MSG_SET_VIDEO_OUTPUT, com.google.android.exoplayer2.Renderer.MSG_SET_VOLUME, com.google.android.exoplayer2.Renderer.MSG_SET_AUDIO_ATTRIBUTES, com.google.android.exoplayer2.Renderer.MSG_SET_SCALING_MODE, com.google.android.exoplayer2.Renderer.MSG_SET_CHANGE_FRAME_RATE_STRATEGY, com.google.android.exoplayer2.Renderer.MSG_SET_AUX_EFFECT_INFO, com.google.android.exoplayer2.Renderer.MSG_SET_VIDEO_FRAME_METADATA_LISTENER, com.google.android.exoplayer2.Renderer.MSG_SET_CAMERA_MOTION_LISTENER, com.google.android.exoplayer2.Renderer.MSG_SET_SKIP_SILENCE_ENABLED, com.google.android.exoplayer2.Renderer.MSG_SET_AUDIO_SESSION_ID, com.google.android.exoplayer2.Renderer.MSG_SET_WAKEUP_LISTENER}" />
    </annotation>
  </item>
  <item name="com.google.android.exoplayer2.Renderer.State">
    <annotation name="androidx.annotation.IntDef">
      <val name="value" val="{com.google.android.exoplayer2.Renderer.STATE_DISABLED, com.google.android.exoplayer2.Renderer.STATE_ENABLED, com.google.android.exoplayer2.Renderer.STATE_STARTED}" />
    </annotation>
  </item>
  <item name="com.google.android.exoplayer2.RendererCapabilities int create(int)">
  </item>
  <item name="com.google.android.exoplayer2.RendererCapabilities int create(int, int, int)">
  </item>
  <item name="com.google.android.exoplayer2.RendererCapabilities int create(int, int, int) 1">
    <annotation name="androidx.annotation.IntDef">
      <val name="value" val="{com.google.android.exoplayer2.RendererCapabilities.ADAPTIVE_SEAMLESS, com.google.android.exoplayer2.RendererCapabilities.ADAPTIVE_NOT_SEAMLESS, com.google.android.exoplayer2.RendererCapabilities.ADAPTIVE_NOT_SUPPORTED}" />
    </annotation>
  </item>
  <item name="com.google.android.exoplayer2.RendererCapabilities int create(int, int, int) 2">
    <annotation name="androidx.annotation.IntDef">
      <val name="value" val="{com.google.android.exoplayer2.RendererCapabilities.TUNNELING_SUPPORTED, com.google.android.exoplayer2.RendererCapabilities.TUNNELING_NOT_SUPPORTED}" />
    </annotation>
  </item>
  <item name="com.google.android.exoplayer2.RendererCapabilities int create(int, int, int, int, int)">
  </item>
  <item name="com.google.android.exoplayer2.RendererCapabilities int create(int, int, int, int, int) 1">
    <annotation name="androidx.annotation.IntDef">
      <val name="value" val="{com.google.android.exoplayer2.RendererCapabilities.ADAPTIVE_SEAMLESS, com.google.android.exoplayer2.RendererCapabilities.ADAPTIVE_NOT_SEAMLESS, com.google.android.exoplayer2.RendererCapabilities.ADAPTIVE_NOT_SUPPORTED}" />
    </annotation>
  </item>
  <item name="com.google.android.exoplayer2.RendererCapabilities int create(int, int, int, int, int) 2">
    <annotation name="androidx.annotation.IntDef">
      <val name="value" val="{com.google.android.exoplayer2.RendererCapabilities.TUNNELING_SUPPORTED, com.google.android.exoplayer2.RendererCapabilities.TUNNELING_NOT_SUPPORTED}" />
    </annotation>
  </item>
  <item name="com.google.android.exoplayer2.RendererCapabilities int create(int, int, int, int, int) 3">
    <annotation name="androidx.annotation.IntDef">
      <val name="value" val="{com.google.android.exoplayer2.RendererCapabilities.HARDWARE_ACCELERATION_SUPPORTED, com.google.android.exoplayer2.RendererCapabilities.HARDWARE_ACCELERATION_NOT_SUPPORTED}" />
    </annotation>
  </item>
  <item name="com.google.android.exoplayer2.RendererCapabilities int create(int, int, int, int, int) 4">
    <annotation name="androidx.annotation.IntDef">
      <val name="value" val="{com.google.android.exoplayer2.RendererCapabilities.DECODER_SUPPORT_PRIMARY, com.google.android.exoplayer2.RendererCapabilities.DECODER_SUPPORT_FALLBACK}" />
    </annotation>
  </item>
  <item name="com.google.android.exoplayer2.RendererCapabilities int getAdaptiveSupport(int)">
    <annotation name="androidx.annotation.IntDef">
      <val name="value" val="{com.google.android.exoplayer2.RendererCapabilities.ADAPTIVE_SEAMLESS, com.google.android.exoplayer2.RendererCapabilities.ADAPTIVE_NOT_SEAMLESS, com.google.android.exoplayer2.RendererCapabilities.ADAPTIVE_NOT_SUPPORTED}" />
    </annotation>
  </item>
  <item name="com.google.android.exoplayer2.RendererCapabilities int getAdaptiveSupport(int) 0">
  </item>
  <item name="com.google.android.exoplayer2.RendererCapabilities int getDecoderSupport(int)">
    <annotation name="androidx.annotation.IntDef">
      <val name="value" val="{com.google.android.exoplayer2.RendererCapabilities.DECODER_SUPPORT_PRIMARY, com.google.android.exoplayer2.RendererCapabilities.DECODER_SUPPORT_FALLBACK}" />
    </annotation>
  </item>
  <item name="com.google.android.exoplayer2.RendererCapabilities int getDecoderSupport(int) 0">
  </item>
  <item name="com.google.android.exoplayer2.RendererCapabilities int getFormatSupport(int) 0">
  </item>
  <item name="com.google.android.exoplayer2.RendererCapabilities int getHardwareAccelerationSupport(int)">
    <annotation name="androidx.annotation.IntDef">
      <val name="value" val="{com.google.android.exoplayer2.RendererCapabilities.HARDWARE_ACCELERATION_SUPPORTED, com.google.android.exoplayer2.RendererCapabilities.HARDWARE_ACCELERATION_NOT_SUPPORTED}" />
    </annotation>
  </item>
  <item name="com.google.android.exoplayer2.RendererCapabilities int getHardwareAccelerationSupport(int) 0">
  </item>
  <item name="com.google.android.exoplayer2.RendererCapabilities int getTunnelingSupport(int)">
    <annotation name="androidx.annotation.IntDef">
      <val name="value" val="{com.google.android.exoplayer2.RendererCapabilities.TUNNELING_SUPPORTED, com.google.android.exoplayer2.RendererCapabilities.TUNNELING_NOT_SUPPORTED}" />
    </annotation>
  </item>
  <item name="com.google.android.exoplayer2.RendererCapabilities int getTunnelingSupport(int) 0">
  </item>
  <item name="com.google.android.exoplayer2.RendererCapabilities int supportsFormat(com.google.android.exoplayer2.Format)">
  </item>
  <item name="com.google.android.exoplayer2.RendererCapabilities int supportsMixedMimeTypeAdaptation()">
    <annotation name="androidx.annotation.IntDef">
      <val name="value" val="{com.google.android.exoplayer2.RendererCapabilities.ADAPTIVE_SEAMLESS, com.google.android.exoplayer2.RendererCapabilities.ADAPTIVE_NOT_SEAMLESS, com.google.android.exoplayer2.RendererCapabilities.ADAPTIVE_NOT_SUPPORTED}" />
    </annotation>
  </item>
  <item name="com.google.android.exoplayer2.RendererCapabilities.AdaptiveSupport">
    <annotation name="androidx.annotation.IntDef">
      <val name="value" val="{com.google.android.exoplayer2.RendererCapabilities.ADAPTIVE_SEAMLESS, com.google.android.exoplayer2.RendererCapabilities.ADAPTIVE_NOT_SEAMLESS, com.google.android.exoplayer2.RendererCapabilities.ADAPTIVE_NOT_SUPPORTED}" />
    </annotation>
  </item>
  <item name="com.google.android.exoplayer2.RendererCapabilities.Capabilities">
  </item>
  <item name="com.google.android.exoplayer2.RendererCapabilities.DecoderSupport">
    <annotation name="androidx.annotation.IntDef">
      <val name="value" val="{com.google.android.exoplayer2.RendererCapabilities.DECODER_SUPPORT_PRIMARY, com.google.android.exoplayer2.RendererCapabilities.DECODER_SUPPORT_FALLBACK}" />
    </annotation>
  </item>
  <item name="com.google.android.exoplayer2.RendererCapabilities.FormatSupport">
    <annotation name="androidx.annotation.IntDef">
      <val name="value" val="{com.google.android.exoplayer2.RendererCapabilities.FORMAT_HANDLED, com.google.android.exoplayer2.RendererCapabilities.FORMAT_EXCEEDS_CAPABILITIES, com.google.android.exoplayer2.RendererCapabilities.FORMAT_UNSUPPORTED_DRM, com.google.android.exoplayer2.RendererCapabilities.FORMAT_UNSUPPORTED_SUBTYPE, com.google.android.exoplayer2.RendererCapabilities.FORMAT_UNSUPPORTED_TYPE}" />
    </annotation>
  </item>
  <item name="com.google.android.exoplayer2.RendererCapabilities.HardwareAccelerationSupport">
    <annotation name="androidx.annotation.IntDef">
      <val name="value" val="{com.google.android.exoplayer2.RendererCapabilities.HARDWARE_ACCELERATION_SUPPORTED, com.google.android.exoplayer2.RendererCapabilities.HARDWARE_ACCELERATION_NOT_SUPPORTED}" />
    </annotation>
  </item>
  <item name="com.google.android.exoplayer2.RendererCapabilities.TunnelingSupport">
    <annotation name="androidx.annotation.IntDef">
      <val name="value" val="{com.google.android.exoplayer2.RendererCapabilities.TUNNELING_SUPPORTED, com.google.android.exoplayer2.RendererCapabilities.TUNNELING_NOT_SUPPORTED}" />
    </annotation>
  </item>
</root>

