<?xml version="1.0" encoding="UTF-8"?>
<root>
  <item name="com.facebook.react.fabric.events.EventEmitterWrapper void invoke(java.lang.String, com.facebook.react.bridge.WritableMap, int) 2">
    <annotation name="androidx.annotation.IntDef">
      <val name="value" val="{com.facebook.react.uimanager.events.EventCategoryDef.CONTINUOUS_START, com.facebook.react.uimanager.events.EventCategoryDef.CONTINUOUS_END, com.facebook.react.uimanager.events.EventCategoryDef.UNSPECIFIED, com.facebook.react.uimanager.events.EventCategoryDef.DISCRETE, com.facebook.react.uimanager.events.EventCategoryDef.CONTINUOUS}" />
    </annotation>
  </item>
  <item name="com.facebook.react.fabric.events.EventEmitterWrapper void invokeEvent(java.lang.String, com.facebook.react.bridge.NativeMap, int) 2">
    <annotation name="androidx.annotation.IntDef">
      <val name="value" val="{com.facebook.react.uimanager.events.EventCategoryDef.CONTINUOUS_START, com.facebook.react.uimanager.events.EventCategoryDef.CONTINUOUS_END, com.facebook.react.uimanager.events.EventCategoryDef.UNSPECIFIED, com.facebook.react.uimanager.events.EventCategoryDef.DISCRETE, com.facebook.react.uimanager.events.EventCategoryDef.CONTINUOUS}" />
    </annotation>
  </item>
  <item name="com.facebook.react.fabric.events.FabricEventEmitter void receiveEvent(int, int, java.lang.String, boolean, int, com.facebook.react.bridge.WritableMap, int) 6">
    <annotation name="androidx.annotation.IntDef">
      <val name="value" val="{com.facebook.react.uimanager.events.EventCategoryDef.CONTINUOUS_START, com.facebook.react.uimanager.events.EventCategoryDef.CONTINUOUS_END, com.facebook.react.uimanager.events.EventCategoryDef.UNSPECIFIED, com.facebook.react.uimanager.events.EventCategoryDef.DISCRETE, com.facebook.react.uimanager.events.EventCategoryDef.CONTINUOUS}" />
    </annotation>
  </item>
</root>

